58ebd83ba823621fd82ed057,h2mi6yabw_w,
58ebd83ba823621fd82ed057,h2mi6yabw_w,
58ebd83ba823621fd82ed057,mnrky9samig,
58ebd83ba823621fd82ed057,mnrky9samig,
58ebd83ba823621fd82ed057,mnrky9samig,
58ebd83ba823621fd82ed057,mnrky9samig,
58ebd83ba823621fd82ed057,mnrky9samig,
58ebd83ba823621fd82ed057,mnrky9samig,
58ebd83ba823621fd82ed057,mnrky9samig,
58ebd83ba823621fd82ed057,mnrky9samig,
58ebd83ba823621fd82ed057,mnrky9samig,
58ebd83ba823621fd82ed057,mnrky9samig,
58ebd83ba823621fd82ed057,mnrky9samig,
58ebd83ba823621fd82ed057,mnrky9samig,
58ebd83ba823621fd82ed057,mnrky9samig,
58ebd83ba823621fd82ed057,mnrky9samig,
58ebd83ba823621fd82ed057,mnrky9samig,
58ebd83ba823621fd82ed057,mnrky9samig,
58ebd83ba823621fd82ed057,mnrky9samig,
58ebd83ba823621fd82ed057,mnrky9samig,
58ebd83ba823621fd82ed057,mnrky9samig,
58ebd83ba823621fd82ed057,mnrky9samig,
58ebd83ba823621fd82ed057,ld6iqqufyrk,
58ebd83ba823621fd82ed057,ld6iqqufyrk,
58ebd83ba823621fd82ed057,ld6iqqufyrk,
58ebd83ba823621fd82ed057,ld6iqqufyrk,
58ebd83ba823621fd82ed057,ld6iqqufyrk,
58ebd83ba823621fd82ed057,ld6iqqufyrk,
58ebd83ba823621fd82ed057,ld6iqqufyrk,
58ebd83ba823621fd82ed057,ld6iqqufyrk,
58ebd83ba823621fd82ed057,ld6iqqufyrk,
58ebd83ba823621fd82ed057,ld6iqqufyrk,
58ebd83ba823621fd82ed057,ld6iqqufyrk,
58ebd83ba823621fd82ed057,ld6iqqufyrk,
58ebd83ba823621fd82ed057,ld6iqqufyrk,
58ebd83ba823621fd82ed057,ld6iqqufyrk,
58ebd83ba823621fd82ed057,ld6iqqufyrk,
58ebd83ba823621fd82ed057,ld6iqqufyrk,
58ebd83ba823621fd82ed057,ld6iqqufyrk,
58ebd83ba823621fd82ed057,7rjhn425780,
58ebd83ba823621fd82ed057,7rjhn425780,
58ebd83ba823621fd82ed057,7rjhn425780,
58ebd83ba823621fd82ed057,7rjhn425780,
58ebd83ba823621fd82ed057,kjnssvab_3k,
58ebd83ba823621fd82ed057,kjnssvab_3k,
58ebd83ba823621fd82ed057,kjnssvab_3k,
58ebd83ba823621fd82ed057,kjnssvab_3k,
58ebd83ba823621fd82ed057,kjnssvab_3k,
58ebd83ba823621fd82ed057,kjnssvab_3k,
58ebd83ba823621fd82ed057,kjnssvab_3k,
58ebd83ba823621fd82ed057,kjnssvab_3k,
58ebd83ba823621fd82ed057,kjnssvab_3k,
58ebd83ba823621fd82ed057,9o69bv0idro,
58ebd83ba823621fd82ed057,9o69bv0idro,
58ebd83ba823621fd82ed057,9o69bv0idro,
58ebd83ba823621fd82ed057,9o69bv0idro,
58ebd83ba823621fd82ed057,9o69bv0idro,
58ebd83ba823621fd82ed057,9o69bv0idro,
58ebd83ba823621fd82ed057,9o69bv0idro,
58ebd83ba823621fd82ed057,9o69bv0idro,
58ebd83ba823621fd82ed057,9o69bv0idro,
58ebd83ba823621fd82ed057,9o69bv0idro,
58ebd83ba823621fd82ed057,9o69bv0idro,
58ebd83ba823621fd82ed057,9o69bv0idro,
58ebd83ba823621fd82ed057,9o69bv0idro,
58ebd83ba823621fd82ed057,9o69bv0idro,
58ebd83ba823621fd82ed057,9o69bv0idro,
58ebd83ba823621fd82ed057,9o69bv0idro,
58ebd83ba823621fd82ed057,9o69bv0idro,
58ebd83ba823621fd82ed057,9o69bv0idro,
58ebd83ba823621fd82ed057,9o69bv0idro,
58ebd83ba823621fd82ed057,9o69bv0idro,
58ebd83ba823621fd82ed057,9o69bv0idro,
58ebd83ba823621fd82ed057,9o69bv0idro,
58ebd83ba823621fd82ed057,9o69bv0idro,
58ebd83ba823621fd82ed057,9o69bv0idro,
58ebd83ba823621fd82ed057,9o69bv0idro,
58ebd83ba823621fd82ed057,9o69bv0idro,
58ebd83ba823621fd82ed057,9o69bv0idro,
58ebd83ba823621fd82ed057,9o69bv0idro,
58ebd83ba823621fd82ed057,9o69bv0idro,
58ebd83ba823621fd82ed057,9o69bv0idro,
58ebd83ba823621fd82ed057,9o69bv0idro,
58ebd83ba823621fd82ed057,9o69bv0idro,
58ebd83ba823621fd82ed057,9o69bv0idro,
58ebd83ba823621fd82ed057,9o69bv0idro,
58ebd83ba823621fd82ed057,9o69bv0idro,
58ebd83ba823621fd82ed057,hlbsg5iihjy,
58ebd83ba823621fd82ed057,hlbsg5iihjy,
58ebd83ba823621fd82ed057,hlbsg5iihjy,
58ebd83ba823621fd82ed057,hlbsg5iihjy,
58ebd83ba823621fd82ed057,hlbsg5iihjy,
58ebd83ba823621fd82ed057,hlbsg5iihjy,
58ebd83ba823621fd82ed057,hlbsg5iihjy,
58ebd83ba823621fd82ed057,hlbsg5iihjy,
