stories,8.163371
Hai,8.163086
baap,8.170751
bahadur,8.167352
yar,8.163656
acquitted,8.161660
banna,8.162231
impressive,8.163656
krishna,8.161660
Tak,8.162801
Budhe,8.165364
/\u003eIndia,8.164226
K,8.161946
762,8.162516
koh,8.161090
Literally,8.165364
diya,8.168770
entry,8.161090
naser,8.161090
Sequencing,8.165648
rhe,8.163371
bna,8.165932
Rahi,8.162231
Even,8.165648
chezon,8.165079
bnda,8.163656
minds,8.164795
father\u0026#39,8.164226
hoti,8.165648
nai,8.165648
pe,8.171034
victim,8.165932
dene,8.163371
Editing,8.165648
kisi,8.167352
mean,8.161660
churaya,8.162231
well,8.169903
cause,8.164226
duniya,8.160804
cant,8.162801
dena,8.167068
/\u003eCriminality,8.164226
cow,8.165079
faltu,8.170186
dear,8.165648
mila,8.163941
work,8.160518
chnge,8.162516
khuchi,8.160804
analyze,8.165079
role,8.174703
Gonda,8.161660
Bad,8.164795
h,8.195610
shathi,8.163656
Ajeeb,8.161660
chup,8.160804
amjads,8.165079
chonny,8.163656
00\u003c/a\u003e,8.162516
Shockingggg,8.161375
seven,8.161946
ka,8.225503
sara,8.161090
sale,8.161090
creation,8.165648
can\u0026#39,8.165932
chillaya,8.162231
karonga,8.163941
chamar,8.161090
chaie,8.168486
abe,8.161090
Plz,8.162801
sharda,8.161660
DMLT,8.165079
huwa,8.160518
thinking,8.168486
variety,8.163371
n,8.166500
rewatch,8.162801
know,8.167068
NEW,8.161375
blood,8.165648
bhout,8.161090
JAB,8.161946
chlo,8.165364
Sanjeev,8.168203
PRAAN,8.161946
chutiya,8.177235
/\u003eC,8.161660
pyaar,8.167636
dhoka,8.165364
Kar,8.162801
tare,8.162516
thanks,8.164510
/\u003eGanesh,8.162516
kamina,8.166784
little,8.160518
extramarital,8.164226
80\u0026#39,8.161946
hotain,8.161090
Aisi,8.165932
merzi,8.163656
/\u003etobaaaa,8.163656
hats,8.161090
badi,8.165648
jaldi,8.162231
dari,8.160804
hostel,8.165079
got,8.171599
Bhankare,8.162516
states,8.163086
nowadays,8.160804
baki,8.164795
shanu,8.161660
apart,8.165932
GNM,8.165079
Yaar,8.161375
maloom,8.162516
B,8.161660
Dhakan,8.161946
Samja,8.161946
For,8.167636
dete,8.160518
sex,8.170469
han,8.161946
goli,8.161090
cp,8.164226
2%,8.164795
tapar,8.161660
Marnay,8.164795
done\u0026#39,8.161946
shaheem,8.160804
sisters,8.163941
hiiiii,8.165932
crimpetrol,8.163941
shit,8.161946
far,8.161375
Love,8.165364
shown,8.160518
ever,8.170469
carried,8.165648
Pakistani,8.164795
bhejo,8.164226
chakr,8.165932
tone,8.165648
True,8.162801
Bajay,8.162231
en,8.165079
Fasi,8.162231
home,8.165648
job,8.167352
stop,8.167636
roles,8.161375
Sach,8.163086
intresting,8.161090
Lord,8.164226
nikla@,8.165932
story,8.193677
Jisne,8.160804
Paiso,8.162801
watch,8.166216
rival,8.161660
kg,8.163371
shiv8172,8.161375
evil,8.165648
twist,8.168486
YouTube,8.165364
Really,8.161946
bad,8.169336
took,8.162801
zindagi,8.167636
hay,8.169053
haq,8.163656
frequently,8.162516
nkl,8.165079
called,8.162801
500,8.165364
Maar,8.165364
pitt,8.161946
kro,8.165648
Bakwas,8.165932
huye,8.164795
dailoge,8.160804
chaudleta,8.165932
mardia,8.160518
contact,8.167919
mine,8.161660
kam,8.166216
isn\u0026#39,8.160804
marna,8.161660
MAN,8.163371
KO,8.163086
t=31m16s\\u003e31,8.164226
kia,8.187855
lodu,8.162801
WHAT,8.163371
request,8.167919
mousi,8.161946
Liye,8.162801
Chal,8.165364
karta,8.161946
two,8.164795
/\u003eto,8.160804
somiya,8.165079
requires,8.164226
house,8.164226
notice,8.168203
logo,8.170469
bili,8.163941
ladkiyo,8.161090
choti,8.165364
conversation,8.161660
Sick,8.163371
needs,8.164226
cameraman,8.163656
/\u003eSANJEEV,8.160518
DPHARMACY,8.165079
/\u003e\u003cbr,8.179760
milty,8.160804
place,8.165648
/\u003eQanoon,8.161660
bana,8.167068
rupees,8.162801
kutta,8.163656
ha,8.185907
mere,8.160518
another,8.168486
plzzzzz,8.164795
pakde,8.161660
LOG,8.162516
bajaru,8.162516
elwa,8.165079
dying,8.164795
sake,8.164795
advertisement,8.165364
mardina,8.161946
kaam,8.161946
Am,8.163941
pyaas,8.163941
presentation,8.163656
hui,8.163656
bharosa,8.167352
petrol,8.168486
q=%23CP\\u003e#CP\u003c/a\u003e,8.162801
sach,8.163656
cell,8.164795
number,8.164795
Music,8.163941
entered,8.161946
\u003ca,8.175829
ANM,8.165079
toba,8.163086
gaand,8.169903
good,8.197539
touchy,8.162801
pls,8.167352
embodiment,8.164226
Swamy,8.164226
ne,8.178358
//www,8.180601
zabardast,8.168203
planned,8.165648
best,8.184235
Why,8.165932
pulic,8.161375
BHAI,8.161946
kill,8.161660
bloody,8.166500
aap,8.162516
Picture,8.165648
movie,8.166500
criminal,8.165932
wish,8.162516
kilo,8.161660
Brutal,8.163656
nasir,8.160518
Tamasha,8.161660
chakkar,8.160804
jaane,8.161090
form,8.162801
probably,8.165648
Aur,8.163656
/\u003eLol,8.162801
yaar,8.186743
ladkiyon,8.161946
Which,8.164795
result,8.164226
usase,8.164795
/\u003epar,8.161660
sticker,8.164226
acche,8.160518
times,8.162801
paper,8.162801
karleta,8.165932
last,8.162801
mardo,8.160518
said,8.161660
rich,8.163656
years,8.169620
Kya,8.165932
Gand,8.164226
causing,8.164226
/\u003eCrime,8.164795
need,8.163086
Men,8.165648
entire,8.165364
his/her,8.164795
aanda,8.161660
auraat,8.171034
chorahe,8.160804
Aaj,8.165364
haram,8.162801
Class,8.163941
total,8.162516
Madad,8.162231
even,8.180881
bombay,8.163371
hire,8.165079
terribly,8.163086
hmara,8.160804
yaar@,8.161090
wapas,8.168486
kuch,8.172447
Mahenat,8.162231
immediate,8.161090
Khawo,8.162231
majboor,8.163086
nisar,8.166784
pasha,8.164795
combinado,8.164510
Sharma,8.163086
innocent,8.165079
dannewad,8.164226
Aarti,8.164795
diye,8.164795
Bichari,8.162231
/\u003erahay,8.166216
shoved,8.165648
Kapil,8.163086
lady,8.181161
Ravinder,8.165648
\u003cb\u003e***\u003c/b\u003e,8.163941
Nam,8.164795
belly,8.165648
hang,8.164226
bura,8.165932
Kay,8.164795
characters,8.161660
bar,8.169053
mom,8.165648
actresses,8.162801
izzat,8.160804
khumaria,8.165364
mariage,8.163086
aye,8.163656
directions,8.163656
button,8.163371
thaper,8.164510
acts,8.164226
gai,8.160804
nahi,8.172729
daughter,8.172729
Thi,8.162231
DIRECTOR,8.163371
Officer,8.163371
normal,8.161375
husband,8.161660
case,8.194229
rha,8.160804
participating,8.161660
awesome,8.174139
neither,8.164795
mdrchod,8.165364
HAI,8.161946
removed,8.165648
Muslim,8.164795
Sikha,8.160518
thats,8.165648
pehly,8.162801
happens,8.161375
ser,8.164510
dekhni,8.163371
href=\http,8.178077
Ganjesh\u0026#39,8.163941
say,8.171882
hn,8.167636
freeman,8.161946
worship,8.162516
Suspens,8.165648
young,8.164795
Shamshad,8.163371
jewan,8.163656
gyi,8.163371
je,8.162231
amazing,8.169336
The,8.161375
oppose,8.165648
hi,8.204945
v=ShQrBSt9K5A\u0026amp,8.165079
ending,8.165648
jaati,8.164795
/\u003eplease,8.165648
samajh,8.163941
ati,8.169053
motivational,8.161090
/\u003e\u0026quot,8.164226
jati,8.165079
year,8.160518
mil,8.160804
rite,8.160804
Evil,8.165648
India\u0026#39,8.165648
bakwas,8.173011
/\u003eReal,8.161660
leading,8.164795
ruled,8.163086
Bhi,8.162801
illiterate,8.163086
chum,8.161660
Khan,8.164510
DUMB,8.161090
mind,8.164795
/\u003ein,8.163086
Thanks,8.162801
morgan,8.161946
Woh,8.162801
aisi,8.165648
aj,8.161375
felt,8.165648
asshish,8.164510
kind,8.169903
welfare,8.164226
T,8.165079
ke,8.212297
chohd,8.165079
kitna,8.164510
tor,8.162516
pesa,8.164510
dixit,8.160804
ray,8.165364
shakil,8.164510
ek,8.166216
aya,8.162231
hayn,8.162516
women,8.165932
bahuthhi,8.165932
usk,8.165079
dhamkiya,8.161090
animal,8.165932
liye,8.167068
marriages,8.165648
Gandu,8.162516
Tyagi,8.168203
kothi,8.162516
wont,8.165648
saheem,8.164510
cid,8.164795
nafisa,8.160804
In,8.166216
mai,8.168486
shed,8.165648
Kutte,8.162231
\u0026amp,8.165079
Crime,8.183118
lrki,8.165364
DIRECTION,8.163371
bhenchodo,8.164795
dont,8.163371
NISAR,8.161090
ker,8.171317
direction,8.165648
criminality,8.164226
days,8.163371
v=c4W8JdzY8Cc\u0026amp,8.163941
It\u0026#39,8.160518
kahi,8.161946
Sakti,8.162801
sorry,8.165932
So,8.164226
krne,8.160518
ethics,8.164795
single,8.162516
jobs,8.165648
rooted,8.164226
shadi,8.160804
People,8.165648
awr,8.162516
sirrrrr,8.161090
Kotian,8.170186
kr,8.174421
mat,8.165648
marty,8.162801
allowed,8.163086
Mr,8.160804
90%,8.164226
Worst,8.161660
ISWAR,8.161375
/\u003eKya,8.164795
shot,8.160518
hashmi,8.164795
fayyaz,8.162516
KAR,8.161946
strike,8.161090
jalebe,8.164226
dekhte,8.165648
gandi,8.163086
dekhta,8.165079
okaaaaa,8.165079
Bangladesh,8.163086
something,8.163086
Hahaha,8.162801
thy,8.160804
t=35m00s\\u003e35,8.162516
costuma,8.164510
varenda,8.164795
Specialy,8.163086
ALWAYS,8.161090
WHO,8.165079
anp,8.162801
poor,8.168203
Asli,8.161660
jot,8.161660
comments,8.161090
Leadar,8.164795
ladiokio,8.165648
hai,8.243019
salute,8.165932
countries,8.165932
happy,8.173575
Murder,8.165648
YOU,8.163371
Balatkario,8.162231
tailors,8.165079
paramedical,8.165079
paise,8.164795
Rohan\u0026#39,8.161375
wrong,8.165648
gira,8.165932
What,8.164795
Indeed,8.163656
Don\u0026#39,8.163941
haha,8.163371
really,8.176110
jarhi,8.160518
chahiye,8.169903
khor,8.161946
phr,8.161375
dish,8.161090
population,8.164226
wande,8.160518
whatsapp,8.165648
02,8.164795
IS,8.163656
jaroorat,8.163941
akhand,8.163371
Dedena,8.162231
wagera,8.164795
baithi,8.160804
Joh,8.164795
rahe,8.165364
english,8.161946
khada,8.160804
ing,8.165648
dety,8.164226
Saley,8.165932
wake,8.162231
places,8.162516
kahni,8.168486
Zindagi,8.163941
t=37m07s\\u003e37,8.162801
tha,8.185350
made,8.163941
police,8.198639
dikhana,8.162516
Aaaaaahhh,8.165648
karke,8.165364
kahan,8.162231
sariya,8.164226
bhai,8.185071
huva,8.166216
/\u003ekar,8.164795
drinker,8.161946
room,8.161946
bv,8.165364
indispensably,8.164226
enjoyment,8.164795
true,8.170186
bus,8.163371
hamari,8.165364
bakwash,8.162516
Venkateswara,8.164226
obviously,8.164226
Of,8.165648
Roti,8.162231
Chittagong,8.163086
desh,8.164510
hatao,8.163086
tremendous,8.165364
ahahaha,8.161946
ta,8.161946
date,8.164226
violence,8.162801
facilities,8.165079
wife,8.171599
c,8.165364
still,8.167068
aashish,8.161090
khud,8.163086
hasina,8.160518
karna,8.162516
Muslims,8.164226
bac,8.162801
EVERYONE,8.164226
soch,8.165648
Kuch,8.163656
kare,8.161375
fuckin,8.164226
ghum,8.161660
respectful,8.163371
de,8.184514
dead,8.164795
sida,8.165364
k,8.213111
raadha,8.162516
vo,8.166216
sex\u003cbr,8.164226
diye@,8.161946
kasoor,8.161090
Jamshedpur,8.162801
physical,8.164226
mari,8.162801
doston,8.163371
chor,8.164795
bachha,8.165932
acting,8.210668
sir,8.170469
find,8.160518
ANYONE,8.161946
hee,8.164510
Very,8.166500
lag,8.161375
totaly,8.163656
wtf,8.161660
available,8.165079
sahi,8.167068
usko,8.165932
divya,8.165648
thumbnail,8.160518
aurat,8.162516
pass,8.163371
Amjad\u0026#39,8.164226
ghr,8.165932
NURSING,8.165079
playboy,8.162801
pora,8.165932
Thriller,8.161946
/\u003eI,8.163656
marr,8.160804
banjate,8.162516
valo,8.161946
Insan,8.163656
hard,8.161946
lia,8.160804
kya,8.199189
asli,8.164795
episod,8.163656
great,8.165079
ajeeb,8.165932
miss,8.163371
Neta,8.166216
Police,8.165364
kum,8.163371
see,8.172447
ye,8.187021
pyar,8.164510
person,8.162231
Hum,8.160518
Sir,8.167352
regular,8.165079
played,8.165932
se,8.186743
WHERE,8.163371
reported,8.164795
samne,8.163941
novela,8.164510
favorat,8.160518
must,8.166784
NISSAR,8.161946
Will,8.160518
sajaa,8.163371
Good,8.165932
kaha,8.161946
D,8.161660
/\u003echlo,8.160804
I,8.212026
bhag,8.161375
kata,8.165079
Soda,8.163941
asshole,8.161946
KYA,8.161946
Karma,8.161090
stupid,8.168770
kyunki,8.163086
maza,8.168770
culprit,8.165079
kery,8.162801
vande,8.165932
moh,8.161660
ja,8.161660
saand,8.165648
DEKHNA,8.161375
plz,8.167068
/\u003eAajkal,8.165364
Mujreem,8.161660
lucky,8.163086
raped,8.164795
political,8.164226
jaat,8.165648
mar,8.172729
cop,8.161090
q=%23JudicialSystem\\u003e#JudicialSystem\u003c/a\u003e,8.160804
heads,8.164226
lakh,8.164795
baaki,8.160804
zaror,8.163941
chut,8.165932
pahla,8.161946
Bikramganj,8.162231
khub,8.160804
Sahi,8.161946
Crowd,8.164226
THE,8.163656
jisse,8.161090
shakeel,8.166216
double,8.163656
pull,8.162801
get,8.175548
heart,8.160804
talking,8.161660
want,8.163371
cute,8.162516
jesy,8.165079
Channel,8.160518
PASAND,8.161375
boli,8.161660
fenk,8.161090
bulls,8.164510
XRAY,8.165079
ghomane,8.164226
caste,8.173011
eating,8.163656
inspectors,8.163371
shows,8.162801
Medical,8.164795
effective,8.164226
All,8.161660
full,8.164795
looking,8.160518
Mother,8.161660
apload,8.160804
imandari,8.163656
dogs,8.163371
stunned,8.162516
Phone,8.165079
/\u003eagr,8.160804
nikal,8.163086
like,8.211211
/\u003ewhy,8.160804
sona,8.164795
show,8.168770
hey,8.165932
6,8.164795
koti,8.164226
aik,8.170469
mangnay,8.161946
almost,8.164795
think,8.170469
Every,8.162231
fu***n,8.162231
Did,8.164226
tyagi,8.168203
Indian,8.169053
Saali,8.164795
ladkipagl,8.164795
one,8.172164
zaberdast,8.163086
gave,8.162801
Episodes,8.165648
fresh,8.162516
Actor,8.163086
goddess,8.161375
playing,8.164795
Case,8.163371
system,8.169620
Acha,8.164510
knows,8.162516
due,8.164226
mott,8.161090
video,8.163656
cash,8.164795
sarwa,8.163941
seing,8.163371
chodna,8.165932
Liya\u003cbr,8.165364
series,8.162801
nikli,8.164795
href=\https,8.162801
dhamake,8.161946
mother,8.168203
becoming,8.162231
indinain,8.162516
Desh,8.166216
90\u0026#39,8.161946
suicide,8.163371
let,8.164795
Episode,8.165364
panchayat,8.164226
sad,8.167352
ME,8.161946
SUB,8.161946
atleast,8.163656
mauka,8.163941
Just,8.162231
/\u003ehhuuuuhhhhh,8.160804
kala,8.165648
#NAME,8.160518
MALE,8.165079
Khoon,8.165648
Do,8.160518
lol,8.163941
ganda,8.163656
Doctor,8.164795
acchi,8.161946
ashish,8.160804
aiesi,8.164226
Desi,8.160518
One,8.169336
maro,8.172447
attracts,8.160518
killer\u0026#39,8.164226
hahaha,8.161660
vyakti,8.162516
hoga,8.165648
Jyada,8.162801
call,8.163371
daar,8.161946
satarac,8.163941
oppressions,8.164226
Ki,8.162231
3,8.169903
anything,8.163656
tu,8.169053
ab,8.169620
kita,8.161090
thaa,8.162801
saadi,8.165364
mints,8.164795
oppression,8.164226
EEEEEEEEEEEEEEVVVVVVVVILLLLLLLLLLLLLLL,8.165648
672,8.162516
kalank,8.160518
Nic,8.162231
amjad,8.163656
joti,8.161660
changed,8.163656
I\u0026#39,8.164795
thing,8.164226
charge,8.163371
sexual,8.165932
non,8.164226
/\u003eQatil,8.161660
die,8.164795
dikshit,8.164510
kaise,8.172447
hearing,8.160804
kise,8.162801
dastak,8.163371
kotian,8.168770
lolz\u003cbr,8.163086
ya,8.166784
f\u0026#39,8.165648
40\u003c/a\u003e,8.165079
chala,8.160804
saath,8.164226
bhare,8.161375
superstitious,8.162231
sab,8.182000
don\u0026#39,8.180601
Sumeet,8.160518
ata,8.164226
jhankar,8.165364
ase,8.162516
wse,8.165079
isko,8.167636
cruise,8.160804
crime,8.242493
Kaam,8.162801
jarur,8.164510
bjp,8.163086
indian,8.163656
bewafaa,8.164795
Eeeeeevvvvvvillllll,8.165648
dady,8.162801
Stupid,8.161946
jel,8.164510
NICE,8.161375
tarah,8.164795
pr,8.169903
self,8.161660
breath,8.165648
haiwan,8.165932
perfect,8.168203
base,8.162801
victims,8.164226
target,8.165932
apne,8.166500
sending,8.161090
karo,8.172729
Inspector,8.163941
laws,8.165648
ho,8.196988
jis,8.165932
t=5m17s\\u003e5,8.163941
inspector,8.196161
mera,8.165648
krti,8.168203
thise,8.163371
log,8.187021
Baground,8.163941
Ya,8.168486
treeka,8.162516
kha,8.169903
us,8.165648
sister,8.161375
anybody,8.164795
soo@,8.164795
change,8.169903
songs,8.160804
banegi,8.164795
euphoria,8.164795
xxx,8.160518
jaisa,8.164226
bive,8.163371
act,8.166500
till,8.165648
months,8.165648
AS,8.161090
BEST,8.160518
jata,8.176110
Krishna,8.162516
Are,8.171317
What\u0026#39,8.161375
ki,8.220941
Pyaari,8.162801
kii,8.165364
lajtk,8.162516
karte,8.162516
bano,8.162516
Kabhi,8.162801
father,8.163371
muslim,8.171599
sick,8.163371
aagey,8.165364
dislike,8.165364
es,8.162801
Harami,8.169620
bhee,8.161375
dia,8.163656
Doesn\u0026#39,8.165648
least,8.165079
sakte,8.163656
itni,8.168203
hum,8.162801
chakku,8.165648
wo,8.174421
bhul,8.164795
achi,8.163941
town,8.163086
standard,8.163656
cigrette,8.161946
bnana,8.161090
banana,8.161090
danda,8.165648
He,8.166784
chaiye,8.164510
raat,8.163371
machinery,8.164226
SAB,8.161946
ass,8.165648
na,8.169336
government,8.164226
LOST,8.164226
Log,8.162231
next,8.160518
criminals,8.164510
samaj,8.162516
galti,8.164510
tbh,8.163371
sla,8.165932
9718122327\u003cbr,8.165079
country,8.180321
3rd,8.163941
99%,8.161090
zinda,8.161375
paagl,8.161090
+918572050449,8.165648
tegi,8.163086
Admisn,8.165079
apka,8.160804
commit,8.162231
No,8.170186
tham,8.164795
getting,8.160518
Patrol,8.167919
affairs,8.164226
chli,8.165932
At,8.165932
enters,8.161946
close,8.167919
Judge,8.161660
life,8.181161
dialogues,8.162801
control,8.164226
murad,8.160804
reality,8.167919
come,8.167068
pta,8.167919
Ek,8.163371
that\u0026#39,8.161375
nikla,8.166216
undergone,8.161660
Chalo,8.161946
domestic,8.162801
/\u003eAdalat,8.161660
madarcod,8.163941
ji,8.168770
Main,8.162231
way,8.161660
religion,8.172729
ehsas,8.163086
man,8.173575
khubsurat,8.163086
jhagda,8.165079
leleti,8.164795
thank,8.165079
bohat,8.168203
rest,8.161660
SEE,8.163371
banchao,8.163086
pdhe,8.161375
dekhne,8.165648
comeback,8.161090
5,8.164795
rakhe,8.165648
mei,8.165648
cut,8.164510
movies,8.161946
ones,8.161090
Salam,8.162516
may,8.162516
r,8.164510
kiya,8.174139
aisa,8.171317
krna,8.162516
misery,8.161660
peso,8.164510
etc,8.173293
shocked,8.161375
Taraf,8.164795
super,8.170469
drinking,8.161946
hona,8.166784
mistake,8.164510
TV,8.163656
put,8.163371
cruel,8.160518
/\u003ehai,8.164795
Yeh,8.165648
aesi,8.161375
v,8.161946
krogey,8.165079
BAHAT,8.161375
ATE,8.161946
Canada,8.163371
pad,8.163371
jasa,8.161090
gets,8.165648
kiyaa,8.162516
MUJHE,8.161375
Situation,8.165648
khoof,8.164795
Artist,8.160804
dad,8.163941
female,8.161375
chod,8.161090
kasa,8.161090
sabko,8.164795
kamao,8.164510
Than,8.160518
management,8.164226
7531815365\u003cbr,8.165079
better,8.162516
anoop,8.169053
Dena,8.163371
saza,8.163371
maar,8.164226
videos,8.164226
stab,8.164226
sath,8.167919
kon,8.162231
Izzat,8.162801
INSPECTOR,8.160518
tho,8.161946
lakin,8.165364
ok,8.161090
serial,8.163656
hy,8.162231
day,8.162231
Again,8.160518
roll,8.164795
Had,8.162801
worst,8.168486
today,8.165648
POLICE,8.160804
pathetic,8.164226
dho,8.176673
/\u003eko,8.161660
sanjeev,8.167352
aad,8.163086
Law,8.160518
dubbing,8.163086
Raaj,8.161660
minute,8.163371
cry,8.162801
purane,8.162516
helpless,8.163656
DON\u0026#39,8.160518
Dare,8.160518
students,8.165079
aati,8.165364
Toh,8.162801
fake,8.164510
missing,8.165079
Aisa,8.162801
cam,8.162801
/\u003elangur,8.161090
larki,8.181441
note,8.167352
pda,8.161090
pal,8.163941
ap,8.169620
FIR,8.161375
MAI,8.161375
dhundo,8.163371
seedi,8.165364
siblings,8.163086
understand,8.163371
improved,8.163371
verry,8.160804
Garam,8.164226
assault,8.165932
Chaye,8.162231
CAMERA,8.163371
GREAT,8.161090
uth,8.161946
dumb,8.161946
nhi,8.186186
bol,8.165364
bachhi,8.165364
hindu,8.167636
t,8.164510
abhishek,8.162801
/\u003e,8.183956
vs,8.163656
yese,8.161946
help,8.163086
soni,8.174703
kidar,8.165079
Sab,8.162231
saala,8.162801
anyone\u0026#39,8.161090
Ja,8.162801
Branch,8.164795
bhadur,8.160804
age,8.162231
THINK,8.164226
ladki,8.170751
give,8.164795
Shayad,8.160518
Such,8.162231
ep,8.160804
touching,8.160804
accha,8.165079
fall,8.164795
delivery,8.163656
gunda,8.163656
/\u003epaise,8.164795
hota,8.181720
DEKHTA,8.161946
Those,8.164795
wala,8.180041
creative,8.164510
0r,8.161946
ghar,8.171034
purely,8.164795
jala,8.163941
Nice,8.169903
every,8.174703
everywhere,8.165648
isso,8.164510
door,8.164226
Anup,8.164795
aam,8.161375
tired,8.161660
ghur,8.165079
sabse,8.163371
WILL,8.161946
Dhaka,8.163086
v=MOrEmI85gGo\u0026amp,8.164226
aarakshan,8.165648
aaj,8.165364
god,8.166784
kahte,8.163371
gaye,8.161090
unnati,8.166784
pahasakr,8.165932
marriage,8.168486
Tom,8.160804
dusman,8.165364
vrinda,8.163941
bhalan,8.162231
pyr,8.161090
education,8.161375
sachin,8.165364
jee,8.169903
old,8.165364
sold,8.162516
backward,8.161660
nikala\u003cbr,8.161090
bag,8.163371
u,8.167636
yaha,8.165079
01,8.164795
hain,8.192017
bollywood,8.164795
keeping,8.165648
pakistani,8.166216
Bilkul,8.161375
deserved,8.163941
bachi,8.165932
sony,8.165364
/\u003ekya,8.161660
Sony,8.163371
mard,8.165364
keh,8.169336
injured,8.163371
/\u003ekhamoiah,8.161660
bhala,8.161090
Isko,8.163941
neutrally,8.165079
college,8.165364
Implemented,8.160518
buddi,8.164510
SHETTY,8.161375
carimpetro,8.162801
chaudna,8.165932
murder,8.167352
apni,8.170186
depressed,8.161090
nissar,8.161946
artist,8.165648
aise,8.174139
Chakkar,8.162231
officer,8.170469
pakistn,8.162516
CP,8.164510
sala,8.181161
intercaste,8.161375
obivis,8.165648
This,8.160518
sasriykal,8.162516
save,8.167068
Kal,8.171317
gotar,8.163086
Bastards,8.160518
list,8.164795
utna,8.164795
hubbies,8.163941
But,8.165648
Moder,8.164795
Be,8.165079
chla,8.165364
Sanjeeb,8.163086
Buddha,8.164226
terrorist,8.163086
nice,8.184235
always,8.166216
iss,8.170751
daal,8.165932
news,8.162801
v=ggzlLrulFdE\u0026amp,8.162801
Aise,8.162516
Bhai,8.163371
WORLD,8.164795
Bare,8.162231
dosri,8.165932
common,8.160518
oppressive,8.164226
yr,8.165079
funny,8.160518
dekhtaa,8.164510
crowd,8.164226
gud,8.162516
TECHNOLOGY,8.165079
girks,8.161375
indians,8.162231
though,8.164795
dugna,8.165648
bokaro,8.165648
Dekh,8.165364
bosdi,8.161090
LIKE,8.162231
/\u003eShakeel,8.162516
Itni,8.164795
dumbasses,8.165648
zakhmi,8.161946
padhye,8.162801
j,8.169053
kaale,8.165648
kiye,8.164795
brasileira,8.164510
cheekhty,8.163656
done,8.160518
Secularo,8.164226
galat,8.162801
dekha,8.165932
Jo,8.161375
sirf,8.162516
AND,8.161946
dialogue,8.163941
training,8.165079
sketch,8.160804
girl,8.170469
responsible,8.164226
A,8.169620
yeh,8.181161
MIL,8.164226
rahi,8.164226
Must,8.160518
retakes,8.160518
pesh,8.163656
mahila,8.164226
comment,8.165079
THIS,8.162801
atta,8.165932
Superb,8.163941
716,8.162516
preg,8.160804
orphan,8.160518
kyun,8.160518
toka,8.160804
deni,8.160804
gharke,8.161090
kaarn,8.161090
bache,8.165932
How,8.180041
human,8.164795
bing,8.160518
dala,8.160518
FUCKING,8.163371
umiya,8.165648
dakho,8.165932
main,8.163371
Achay,8.162516
expressions,8.162801
kitni,8.174421
accept,8.162516
director,8.169903
v=iZ8Xcho,8.162516
Karne,8.162231
\u0026#39,8.166784
rape,8.185907
/\u003ehogi,8.164795
Gupta,8.164795
mast,8.169053
soda,8.163941
7065143516,8.165079
andaz,8.165079
hawwww,8.162516
/\u003eupper,8.163941
gae,8.165364
sadane,8.164510
lohe,8.165932
agar,8.167352
Amma,8.162516
au,8.163941
Ma,8.160518
pati,8.173575
EVIL,8.165648
kai,8.164795
simplified,8.164226
khatun,8.165648
dikha,8.163656
/\u003eMachhli,8.164795
God,8.170186
selfish,8.164510
Finally,8.162801
kahani,8.161375
Pichhle,8.165364
hogaa,8.164510
honesty,8.162516
could,8.164795
OKAY,8.171317
Events,8.165648
ridiculous,8.162801
/\u003eOur,8.164226
Aayal,8.163941
6Pc\u0026amp,8.162516
/\u003ekitna,8.163656
OT,8.165079
child,8.165932
ban,8.165079
family,8.166216
BSC,8.165079
hoon,8.163371
casteism,8.165648
sequence,8.161946
GOOD,8.161090
hote,8.167352
musi,8.164226
t=41m40s\\u003e41,8.165079
Soni,8.164226
hospital,8.165079
hath,8.160804
part,8.169053
pata,8.163941
mud,8.162516
/\u003eAnd,8.164226
Files,8.164795
kese,8.164795
implementation,8.164226
/\u003euuuffffff,8.163656
21,8.163656
lagi,8.163941
pacina,8.160518
alawa,8.161090
city,8.165648
And,8.173293
e,8.165079
toh,8.178639
kein,8.160518
gf,8.160518
hotel,8.161946
body,8.161946
first,8.180041
ai,8.164510
cancer,8.165648
fast,8.162231
Ka,8.162801
ga,8.171317
Jana,8.160804
actress,8.161375
episode,8.234300
larko,8.162516
speakers,8.161090
Not,8.160518
haramiyu,8.164226
community,8.164795
Hoti,8.162801
jaan,8.161090
rabta,8.162801
fight,8.163086
curse,8.165648
behkanay,8.161946
CHAUNGA,8.161375
nerrow,8.163941
affair,8.160518
complicated,8.161375
showed,8.165648
dirty,8.164795
dekhti,8.163371
bahot,8.161946
Uffffffffffffff,8.164795
Se,8.162801
rahay,8.166216
devorss,8.161090
honest,8.164226
satarc,8.162801
tharki,8.162801
Nahi,8.162801
ak,8.162516
Rok,8.164795
kutte,8.167919
g,8.160804
dis,8.165364
plays,8.161375
17\u003c/a\u003e,8.163941
woh,8.162801
nam,8.160518
Virinda,8.162801
bahu,8.161660
mara,8.164226
kholta,8.165648
episodes,8.164226
Mantry,8.161660
kharab,8.162516
34,8.162231
heroine,8.162231
bhaiyo,8.161090
schools,8.165648
hr,8.165932
send,8.165079
thi,8.166500
level,8.163941
used,8.165648
saving,8.164795
nycc,8.161946
started,8.161660
Ganesh,8.172447
per,8.163371
dalte,8.165364
Rahe,8.165364
starting,8.167919
jayada,8.163371
Jangra,8.165648
actor,8.178919
destroy,8.161090
rajender,8.160518
ladkiyan,8.169903
/,8.165648
assbutt\u0026#39,8.165648
bane,8.165648
officers,8.165648
/\u003eMedia,8.164795
dikhta,8.160804
channels,8.164795
Kumar,8.162231
viewer,8.165079
1,8.165648
saalo,8.164226
MPHW,8.165079
Zurm,8.164795
maharashtra,8.163371
otherwise,8.164226
law,8.161660
/\u003eAaj,8.166216
actors,8.165932
investigation,8.163656
dail,8.163371
prefered,8.164795
com/results,8.163371
laga,8.166216
TYAGI,8.161375
/\u003eand,8.165648
te,8.161660
love,8.186743
Khudki,8.162231
karti,8.165648
krty,8.163656
sr,8.162516
unemployed,8.161660
Sumit,8.161946
bandh,8.164795
Sonam,8.164795
bnaaya,8.161090
Dinesh,8.162231
Shut,8.160804
jo,8.183677
larka,8.161946
chahta,8.165364
Mkd,8.165364
isss,8.165932
shitty,8.165648
phli,8.165932
Islamic,8.160518
Ko,8.169903
/\u003eyeh,8.165079
placement,8.165079
false,8.162801
Hain,8.162801
anup,8.171034
Priya,8.161375
lety,8.160804
society,8.175548
harami,8.181441
/\u003eat,8.165079
baba,8.162231
gonchu,8.160804
Manav,8.163086
itny,8.162801
EPISODE,8.161375
specially,8.162801
time,8.166216
species,8.164795
chutiyapa,8.163371
name,8.177797
wale,8.174421
urine,8.163656
begherati,8.163941
everytime,8.165932
rozzz,8.163371
heard,8.163371
message,8.162801
people,8.181720
kanadasan,8.160804
completely,8.165648
bt,8.164226
9,8.165648
head,8.164795
smj,8.162516
har,8.170186
seen,8.161946
hogya,8.161375
Insaaf,8.161660
bravo#\u003ca,8.165079
SIR,8.161090
bitch,8.163941
REPLIES,8.161946
07\u003c/a\u003e,8.162801
saas,8.161660
HUN,8.161946
Team,8.160518
100%,8.169620
boys,8.161375
type,8.166216
b,8.164226
ways,8.163371
Mind,8.162516
cases,8.173575
1st,8.164795
reservation,8.165648
shaifi,8.161660
chaye,8.164795
66,8.163656
watching,8.179480
Kardiya,8.162231
paisa,8.170469
Everyone,8.160804
Casting,8.164510
Devil,8.160518
bakvas,8.162231
SE,8.161375
BJP,8.163086
barhti,8.165364
Itna,8.162231
q,8.169053
pharaar,8.165932
/\u003einter,8.163086
click,8.163371
script,8.164795
abuse,8.162516
Hi,8.161375
walo,8.165364
bail,8.160804
aur,8.200837
That,8.161946
weapon,8.161090
admi,8.162801
dega,8.161946
struggles,8.161660
Walon,8.164795
itna,8.174421
given,8.165648
jchta,8.161375
naalat,8.165364
Agar,8.162801
kehte,8.165364
gayi,8.161375
plzz,8.160804
koi,8.185350
Chalegayi,8.162231
pain,8.164226
Ke,8.164795
com/watch,8.177516
ko,8.260493
DETA,8.161946
drink,8.161946
bahut,8.176954
zabardasti,8.163371
jagah,8.163371
KHUS,8.161946
able,8.164226
bhi,8.203030
p,8.162516
free,8.170469
Pakadti,8.164795
Rap,8.162231
Proper,8.165648
bich,8.160804
India,8.183677
Compare,8.163656
fail,8.163656
real,8.179480
chupta,8.164510
condom,8.165932
mujhe,8.161660
excellent,8.162231
thoda,8.161946
KHAN,8.161946
rude,8.164510
DIL,8.161946
cast,8.168486
acha,8.179200
anybodys,8.164510
ugly,8.160518
CAN,8.163371
tear,8.165648
insan,8.167636
779,8.160804
chan,8.165364
16\u003c/a\u003e,8.164226
P,8.169053
lya,8.162516
nursing,8.165079
lekin,8.164510
deserves,8.161660
rakh,8.171317
use,8.165648
Yy,8.163656
doob,8.164226
involvement,8.163656
slightly,8.163086
team,8.173293
bare,8.162801
/\u003eRaaj,8.161660
Tadap,8.162231
suno,8.165364
sabka,8.164510
Paise,8.162231
bhar,8.164510
maharasta,8.163941
chiiiiii,8.162231
KI,8.161946
dowry,8.165932
Nashik,8.165648
satrak,8.164226
leke,8.165364
dekh,8.163371
forms,8.164226
Me,8.164510
/\u003eYogi,8.164226
bhool,8.165364
par,8.169903
Jawano,8.165364
sari,8.163656
viewers,8.160518
big,8.164510
populous,8.164226
Imported,8.162801
plan,8.166216
gya,8.167919
receptionist,8.162516
belove,8.165364
saley,8.165932
point,8.165648
TEAM,8.161090
Ranchi,8.162801
boring,8.163371
defense,8.161660
dono,8.166784
zade,8.161090
BULLSHIT,8.163371
overacting,8.165648
gadhe,8.161660
banda,8.161375
hue,8.165932
youtube,8.180601
Asi,8.160804
feeling,8.161946
kutto,8.164226
Apni,8.162801
Sachin,8.163941
drama,8.165079
chori,8.164510
yan,8.161660
maa,8.177797
bchy,8.164226
pyari,8.165364
kyu,8.163941
comes,8.164795
yad,8.162231
patrol,8.228711
30\u003c/a\u003e,8.162516
freedom,8.164226
\u003cbr,8.224164
Best,8.160804
Sale,8.162516
YAAD,8.161946
please,8.168770
Bhosra,8.162516
di,8.162801
actoer,8.161375
anop,8.160804
ku,8.165364
jinda,8.163941
im,8.163371
TO,8.163656
rupiya,8.162231
pataletta,8.165932
yahan,8.168486
puchawade,8.161660
gaya,8.164795
bs,8.161946
planning,8.163941
delhi,8.163371
Jaan,8.164795
colleges\u003cbr,8.165648
seems,8.164226
son,8.165932
it\u0026#39,8.167352
LIKES,8.161946
bolo,8.162231
noodles,8.161090
guy,8.165079
india,8.182559
Sali,8.168486
satark,8.163371
cried,8.169620
fir,8.166500
socio,8.164226
khooni,8.161660
mane,8.161375
also,8.170751
chodu,8.160804
back,8.163371
relation,8.165648
academy,8.165079
Dunya,8.162516
Oppression,8.164226
painful,8.163656
zarurat,8.163371
2,8.175266
root,8.164226
ACTING,8.161946
remember,8.161660
meio,8.164510
hai\u003cbr,8.164226
Hindu,8.165932
armaan,8.163086
looks,8.164795
fuck,8.161375
shikha,8.169336
else,8.161660
hahahahhahaha,8.162231
yesa,8.161946
hoyechhe,8.161946
TOO,8.161090
Pan,8.161090
bichari,8.164795
naam,8.165932
hasi,8.165079
\u0026quot,8.169620
Kisi,8.162801
angoor,8.161090
solve,8.163656
You,8.165932
Itana,8.163941
mehnat,8.164510
uske,8.163371
/\u003eeverytime,8.165932
melhor,8.164510
kal,8.166500
le,8.165364
previous,8.165648
Episodewa,8.163941
/\u003eBade,8.166216
AYA,8.161375
dey,8.165364
chea,8.160804
nee,8.161375
brad,8.161946
HORRIBLE,8.164226
kand,8.165932
rPed,8.163371
kabhi,8.163941
girls,8.168203
100,8.173857
start,8.172447
jisne,8.161090
jaagti,8.163371
Pal,8.161375
jab,8.171034
wah,8.165932
ganesh,8.170469
emotional,8.173575
men,8.167919
many,8.179480
bhut,8.161090
bekar,8.160804
dilli,8.164795
strictly,8.164226
chl,8.162801
dum,8.162516
sanjiv,8.165648
Fuck,8.161375
GAJAB,8.161946
instead,8.163371
birthday,8.162516
Ara,8.162231
sumit,8.167919
truth,8.161375
bhasand,8.165648
daily,8.164510
prosion,8.165364
jaty,8.162516
Apnay,8.162516
link,8.164226
V,8.164795
kash,8.162516
defending,8.165648
Ladki,8.164795
hindus,8.161946
mare,8.162801
phir,8.163371
mein,8.176110
wise,8.161946
kutiya,8.161090
Balaji,8.164226
sound,8.165648
heron,8.161375
totally,8.166216
Fucker,8.161660
MIND,8.164226
Dial,8.163656
Tumahri,8.164226
reh,8.160804
gujrat,8.163371
kbhi,8.164510
beliefs,8.162231
If,8.167919
COMMENT,8.161946
make,8.160518
honke,8.164795
deti,8.169336
discovered,8.161946
suggested,8.164226
Galat,8.162801
namskar,8.162516
Poor,8.171034
annoying,8.162801
quite,8.163656
imran,8.164795
asid,8.165932
marte,8.163371
new,8.165364
rap,8.160804
hua,8.173011
bc,8.164510
khan,8.169620
OFFICER,8.160804
t=37m30s\\u003e37,8.162516
#saluteboss,8.163941
raha,8.174139
kar,8.173011
FUCK,8.163371
Was,8.166500
baad,8.161946
50%,8.161375
blame,8.163086
